<settings xmlns="http://maven.apache.org/SETTINGS/1.0.0"
  xmlns:xsi="http://www.w3.org/2001/XMLSchema-instance"
  xsi:schemaLocation="http://maven.apache.org/SETTINGS/1.0.0
                          https://maven.apache.org/xsd/settings-1.0.0.xsd">
  <servers>
    <server>
      <id>ossrh</id>
      <username>${env.OSSRH_USERNAME}</username>
      <password>${env.OSSRH_PASSWORD}</password>
    </server>
  </servers>

  <profiles>
    <profile>
      <id>ossrh</id>
      <activation>
        <activeByDefault>true</activeByDefault>
      </activation>
      <properties>
        <gpg.executable>gpg</gpg.executable>
        <gpg.keyname>${env.GPG_KEY_NAME}</gpg.keyname>
        <gpg.passphrase>${env.GPG_PASSPHRASE}</gpg.passphrase>
      </properties>
    </profile>
  </profiles>
</settings>